week,condition,replicate,species,ddpcr_copy_number,ddpcr_sd_or_ci,batch_id
1,P10,r1,CDK4,98.4,5.280612244897964,2026-05-04-ddPCR-T87
1,P10,r1,MYC,125.1,7.040816326530607,2026-05-04-ddPCR-T87
1,P10,r1,PDGFRA,106.8,6.122448979591836,2026-05-04-ddPCR-T87
1,P250,r1,CDK4,104.1,4.056122448979593,2026-05-04-ddPCR-T87
1,P250,r1,MYC,108.6,3.9795918367346963,2026-05-04-ddPCR-T87
1,P250,r1,PDGFRA,98.1,3.826530612244898,2026-05-04-ddPCR-T87
1,P50,r1,CDK4,105.6,5.816326530612244,2026-05-04-ddPCR-T87
1,P50,r1,MYC,111.3,5.127551020408165,2026-05-04-ddPCR-T87
1,P50,r1,PDGFRA,97.5,4.7448979591836755,2026-05-04-ddPCR-T87
1,R100,r1,CDK4,94.2,3.367346938775511,2026-05-04-ddPCR-T87
1,R100,r1,MYC,102.6,3.9030612244897953,2026-05-04-ddPCR-T87
1,R100,r1,PDGFRA,93.6,3.29081632653061,2026-05-04-ddPCR-T87
1,R20,r1,CDK4,104.4,2.9081632653061202,2026-05-04-ddPCR-T87
1,R20,r1,MYC,114.0,3.3673469387755075,2026-05-04-ddPCR-T87
1,R20,r1,PDGFRA,104.7,2.831632653061227,2026-05-04-ddPCR-T87
1,R500,r1,CDK4,96.6,3.2908163265306136,2026-05-04-ddPCR-T87
1,R500,r1,MYC,108.6,3.7499999999999973,2026-05-04-ddPCR-T87
1,R500,r1,PDGFRA,95.7,3.2908163265306136,2026-05-04-ddPCR-T87
1,ctrl,r1,CDK4,101.7,2.755102040816326,2026-05-04-ddPCR-T87
1,ctrl,r1,MYC,114.0,3.1377551020408156,2026-05-04-ddPCR-T87
1,ctrl,r1,PDGFRA,107.1,2.9846938775510177,2026-05-04-ddPCR-T87
2,P10,r1,CDK4,105.3,3.5204081632653055,2026-05-04-ddPCR-T87
2,P10,r1,MYC,116.4,3.826530612244898,2026-05-04-ddPCR-T87
2,P10,r1,PDGFRA,111.6,4.056122448979593,2026-05-04-ddPCR-T87
2,P250,r1,CDK4,97.8,4.285714285714285,2026-05-04-ddPCR-T87
2,P250,r1,MYC,119.1,6.122448979591844,2026-05-04-ddPCR-T87
2,P250,r1,PDGFRA,118.2,6.19897959183673,2026-05-04-ddPCR-T87
2,P50,r1,CDK4,99.3,4.438775510204083,2026-05-04-ddPCR-T87
2,P50,r1,MYC,116.7,5.892857142857149,2026-05-04-ddPCR-T87
2,P50,r1,PDGFRA,116.7,6.198979591836734,2026-05-04-ddPCR-T87
2,R100,r1,CDK4,95.1,3.214285714285713,2026-05-04-ddPCR-T87
2,R100,r1,MYC,106.2,4.821428571428573,2026-05-04-ddPCR-T87
2,R100,r1,PDGFRA,103.5,3.5969387755102065,2026-05-04-ddPCR-T87
2,R20,r1,CDK4,102.3,4.056122448979593,2026-05-04-ddPCR-T87
2,R20,r1,MYC,113.4,5.586734693877553,2026-05-04-ddPCR-T87
2,R20,r1,PDGFRA,110.1,4.591836734693878,2026-05-04-ddPCR-T87
2,R500,r1,CDK4,92.4,2.908163265306124,2026-05-04-ddPCR-T87
2,R500,r1,MYC,102.6,3.5204081632653055,2026-05-04-ddPCR-T87
2,R500,r1,PDGFRA,95.7,3.367346938775511,2026-05-04-ddPCR-T87
2,ctrl,r1,CDK4,99.0,2.602040816326528,2026-05-04-ddPCR-T87
2,ctrl,r1,MYC,109.5,3.6734693877551035,2026-05-04-ddPCR-T87
2,ctrl,r1,PDGFRA,108.0,3.3673469387755075,2026-05-04-ddPCR-T87
3,P10,r1,CDK4,102.6,2.755102040816326,2026-05-04-ddPCR-T87
3,P10,r1,MYC,123.9,3.520408163265309,2026-05-04-ddPCR-T87
3,P10,r1,PDGFRA,111.9,3.061224489795918,2026-05-04-ddPCR-T87
3,P250,r1,CDK4,98.7,3.9795918367346923,2026-05-04-ddPCR-T87
3,P250,r1,MYC,119.1,4.821428571428566,2026-05-04-ddPCR-T87
3,P250,r1,PDGFRA,108.3,4.362244897959182,2026-05-04-ddPCR-T87
3,P50,r1,CDK4,110.1,3.596938775510203,2026-05-04-ddPCR-T87
3,P50,r1,MYC,116.4,3.903061224489799,2026-05-04-ddPCR-T87
3,P50,r1,PDGFRA,108.9,3.443877551020408,2026-05-04-ddPCR-T87
3,R100,r1,CDK4,86.69999999999999,2.2959183673469425,2026-05-04-ddPCR-T87
3,R100,r1,MYC,99.3,2.678571428571429,2026-05-04-ddPCR-T87
3,R100,r1,PDGFRA,92.7,2.372448979591836,2026-05-04-ddPCR-T87
3,R20,r1,CDK4,98.1,2.448979591836737,2026-05-04-ddPCR-T87
3,R20,r1,MYC,117.9,3.367346938775511,2026-05-04-ddPCR-T87
3,R20,r1,PDGFRA,110.1,3.367346938775511,2026-05-04-ddPCR-T87
3,R500,r1,CDK4,93.9,2.5255102040816304,2026-05-04-ddPCR-T87
3,R500,r1,MYC,99.6,2.8316326530612232,2026-05-04-ddPCR-T87
3,R500,r1,PDGFRA,93.0,2.448979591836737,2026-05-04-ddPCR-T87
3,ctrl,r1,CDK4,95.1,2.448979591836737,2026-05-04-ddPCR-T87
3,ctrl,r1,MYC,118.8,3.9030612244897953,2026-05-04-ddPCR-T87
3,ctrl,r1,PDGFRA,113.4,3.367346938775511,2026-05-04-ddPCR-T87
4,P10,r1,CDK4,98.1,3.1377551020408156,2026-05-04-ddPCR-T87
4,P10,r1,MYC,123.0,3.9030612244897953,2026-05-04-ddPCR-T87
4,P10,r1,PDGFRA,113.4,3.443877551020408,2026-05-04-ddPCR-T87
4,P250,r1,CDK4,77.69999999999999,3.443877551020408,2026-05-04-ddPCR-T87
4,P250,r1,MYC,96.9,3.9030612244897953,2026-05-04-ddPCR-T87
4,P250,r1,PDGFRA,93.0,3.826530612244898,2026-05-04-ddPCR-T87
4,P50,r1,CDK4,100.8,6.19897959183673,2026-05-04-ddPCR-T87
4,P50,r1,MYC,113.7,6.581632653061224,2026-05-04-ddPCR-T87
4,P50,r1,PDGFRA,106.8,5.9693877551020424,2026-05-04-ddPCR-T87
4,R100,r1,CDK4,76.5,2.9081632653061167,2026-05-04-ddPCR-T87
4,R100,r1,MYC,90.3,3.5204081632653055,2026-05-04-ddPCR-T87
4,R100,r1,PDGFRA,81.6,3.137755102040812,2026-05-04-ddPCR-T87
4,R20,r1,CDK4,99.9,2.755102040816326,2026-05-04-ddPCR-T87
4,R20,r1,MYC,119.1,3.443877551020408,2026-05-04-ddPCR-T87
4,R20,r1,PDGFRA,115.2,3.1377551020408156,2026-05-04-ddPCR-T87
4,R500,r1,CDK4,93.0,3.3673469387755075,2026-05-04-ddPCR-T87
4,R500,r1,MYC,91.2,3.29081632653061,2026-05-04-ddPCR-T87
4,R500,r1,PDGFRA,88.5,3.061224489795918,2026-05-04-ddPCR-T87
4,ctrl,r1,CDK4,83.69999999999999,3.9795918367346923,2026-05-04-ddPCR-T87
4,ctrl,r1,MYC,112.8,5.433673469387754,2026-05-04-ddPCR-T87
4,ctrl,r1,PDGFRA,105.9,5.127551020408162,2026-05-04-ddPCR-T87
5,P10,r1,CDK4,99.6,2.9081632653061202,2026-05-04-ddPCR-T87
5,P10,r1,MYC,130.2,3.9795918367346923,2026-05-04-ddPCR-T87
5,P10,r1,PDGFRA,120.0,3.9030612244897953,2026-05-04-ddPCR-T87
5,P250,r1,CDK4,64.5,1.9897959183673481,2026-05-04-ddPCR-T87
5,P250,r1,MYC,103.5,3.520408163265309,2026-05-04-ddPCR-T87
5,P250,r1,PDGFRA,85.19999999999999,2.678571428571425,2026-05-04-ddPCR-T87
5,P50,r1,CDK4,99.6,2.755102040816326,2026-05-04-ddPCR-T87
5,P50,r1,MYC,117.6,3.443877551020408,2026-05-04-ddPCR-T87
5,P50,r1,PDGFRA,112.2,3.214285714285713,2026-05-04-ddPCR-T87
5,R100,r1,CDK4,79.80000000000001,3.061224489795918,2026-05-04-ddPCR-T87
5,R100,r1,MYC,95.7,3.520408163265302,2026-05-04-ddPCR-T87
5,R100,r1,PDGFRA,85.80000000000001,3.0612244897959147,2026-05-04-ddPCR-T87
5,R20,r1,CDK4,97.5,3.520408163265309,2026-05-04-ddPCR-T87
5,R20,r1,MYC,135.3,4.744897959183679,2026-05-04-ddPCR-T87
5,R20,r1,PDGFRA,122.4,4.209183673469388,2026-05-04-ddPCR-T87
5,R500,r1,CDK4,87.6,2.525510204081634,2026-05-04-ddPCR-T87
5,R500,r1,MYC,101.4,3.137755102040819,2026-05-04-ddPCR-T87
5,R500,r1,PDGFRA,85.19999999999999,2.3724489795918395,2026-05-04-ddPCR-T87
5,ctrl,r1,CDK4,95.1,2.6785714285714324,2026-05-04-ddPCR-T87
5,ctrl,r1,MYC,117.6,3.1377551020408156,2026-05-04-ddPCR-T87
5,ctrl,r1,PDGFRA,117.9,3.443877551020408,2026-05-04-ddPCR-T87
6,P10,r1,CDK4,95.4,2.755102040816326,2026-05-04-ddPCR-T87
6,P10,r1,MYC,126.3,3.9030612244898024,2026-05-04-ddPCR-T87
6,P10,r1,PDGFRA,123.6,3.6734693877551035,2026-05-04-ddPCR-T87
6,P250,r1,CDK4,52.8,1.8367346938775517,2026-05-04-ddPCR-T87
6,P250,r1,MYC,91.2,3.520408163265302,2026-05-04-ddPCR-T87
6,P250,r1,PDGFRA,86.69999999999999,3.596938775510203,2026-05-04-ddPCR-T87
6,P50,r1,CDK4,90.6,2.678571428571429,2026-05-04-ddPCR-T87
6,P50,r1,MYC,116.4,3.443877551020408,2026-05-04-ddPCR-T87
6,P50,r1,PDGFRA,110.4,3.826530612244898,2026-05-04-ddPCR-T87
6,R100,r1,CDK4,75.9,1.98979591836735,2026-05-04-ddPCR-T87
6,R100,r1,MYC,97.2,2.831632653061227,2026-05-04-ddPCR-T87
6,R100,r1,PDGFRA,88.80000000000001,2.372448979591836,2026-05-04-ddPCR-T87
6,R20,r1,CDK4,86.4,2.9846938775510177,2026-05-04-ddPCR-T87
6,R20,r1,MYC,119.7,3.9795918367346923,2026-05-04-ddPCR-T87
6,R20,r1,PDGFRA,120.3,4.744897959183679,2026-05-04-ddPCR-T87
6,R500,r1,CDK4,70.19999999999999,2.4489795918367334,2026-05-04-ddPCR-T87
6,R500,r1,MYC,77.1,2.678571428571429,2026-05-04-ddPCR-T87
6,R500,r1,PDGFRA,67.5,2.295918367346939,2026-05-04-ddPCR-T87
6,ctrl,r1,CDK4,86.1,2.295918367346939,2026-05-04-ddPCR-T87
6,ctrl,r1,MYC,129.89999999999998,3.7499999999999933,2026-05-04-ddPCR-T87
6,ctrl,r1,PDGFRA,120.0,3.443877551020408,2026-05-04-ddPCR-T87
